<?xml version="1.0" encoding="UTF-8"?>
<!--********** Seedr for Roku - Authentication Screen **********-->

<component name="AuthScreen" extends="Group">
    <script type="text/brightscript" uri="pkg:/source/utils.brs" />
    <script type="text/brightscript" uri="pkg:/source/api.brs" />
    <script type="text/brightscript" uri="pkg:/source/auth.brs" />
    <script type="text/brightscript" uri="AuthScreen.brs" />
    
    <interface>
        <field id="authCheck" type="integer" />
    </interface>
    
    <children>
        <!-- Background -->
        <Rectangle width="1920" height="980" color="0x1a1a1aFF" />
        
        <!-- Welcome Title -->
        <Label id="welcomeTitle" text="Welcome to Seedr" 
               font="font:VeryLargeBoldSystemFont" 
               color="0xFFFFFFFF" 
               translation="[960, 200]" 
               horizAlign="center" />
        
        <!-- Instruction Text -->
        <Label id="instructionLabel" text="To get started, visit the URL below and enter the code:" 
               font="font:MediumSystemFont" 
               color="0xCCCCCCFF" 
               translation="[960, 300]" 
               horizAlign="center" />
        
        <!-- Auth URL -->
        <Label id="authUrlLabel" text="" 
               font="font:LargeBoldSystemFont" 
               color="0x00FF00FF" 
               translation="[960, 400]" 
               horizAlign="center" />
        
        <!-- User Code -->
        <Label id="userCodeLabel" text="" 
               font="font:VeryLargeBoldSystemFont" 
               color="0xFFFF00FF" 
               translation="[960, 500]" 
               horizAlign="center" />
        
        <!-- Status -->
        <Label id="statusLabel" text="Requesting device code..." 
               font="font:MediumSystemFont" 
               color="0x888888FF" 
               translation="[960, 600]" 
               horizAlign="center" />
        
        <!-- Instructions -->
        <Label id="helpLabel" text="After entering the code, authentication will complete automatically" 
               font="font:SmallSystemFont" 
               color="0x666666FF" 
               translation="[960, 700]" 
               horizAlign="center" />
    </children>
</component>
