<?xml version="1.0" encoding="utf-8" ?>
<component name="AudioPlayer" extends="Scene">
    <interface>
        <field id="audioContent" type="assocarray" />
        <field id="fileName" type="string" />
        <field id="albumArt" type="string" />
        <field id="artist" type="string" value="Seedr" />
        <field id="album" type="string" value="My Files" />
        <field id="duration" type="integer" value="248" />
        <field id="isPlaying" type="boolean" value="true" />
        <field id="currentTime" type="integer" value="0" />
        <field id="onBackPressed" type="boolean" value="false" />
    </interface>

    <children>
        <!-- Background -->
        <Rectangle id="background" width="1280" height="720" color="0x1A1A1AFF" />
        
        <!-- Gradient overlay for depth -->
        <Rectangle id="gradientOverlay" width="1280" height="400" color="0x2A2A2AFF" />
        
        <!-- Header section -->
        <Label id="nowPlayingLabel" 
               text="Now playing..." 
               translation="[50, 30]" 
               font="font:SmallBoldSystemFont" 
               color="0xBBBBBBFF" />
        
        <Label id="trackCountLabel" 
               text="Track 1 / 1" 
               translation="[50, 55]" 
               font="font:SmallSystemFont" 
               color="0x888888FF" />
        
        <!-- Time display (top right) -->
        <Label id="timeLabel" 
               text="12:55 PM" 
               translation="[1180, 30]" 
               font="font:SmallSystemFont" 
               color="0xBBBBBBFF" 
               horizAlign="right" />
        
        <!-- Album art section -->
        <Rectangle id="albumArtBackground" 
                   translation="[80, 120]" 
                   width="200" 
                   height="200" 
                   color="0x333333FF" />
        
        <Poster id="albumArtPoster" 
                translation="[80, 120]" 
                width="200" 
                height="200" 
                visible="false" />
        
        <!-- Default music icon when no album art -->
        <Group id="musicIconGroup" translation="[80, 120]">
            <!-- Music note icon drawn with rectangles -->
            <Rectangle translation="[80, 70]" width="8" height="40" color="0xFFFFFFFF" />
            <Rectangle translation="[88, 70]" width="20" height="15" color="0xFFFFFFFF" />
            <Rectangle translation="[108, 85]" width="8" height="25" color="0xFFFFFFFF" />
            <Rectangle translation="[100, 95]" width="16" height="8" color="0xFFFFFFFF" />
        </Group>
        
        <!-- Track information -->
        <Label id="trackTitleLabel" 
               translation="[320, 140]" 
               font="font:LargeBoldSystemFont" 
               color="0xFFFFFFFF" 
               width="800" />
        
        <Label id="artistLabel" 
               translation="[320, 185]" 
               font="font:MediumSystemFont" 
               color="0xBBBBBBFF" 
               width="800" />
        
        <Label id="albumLabel" 
               translation="[320, 215]" 
               font="font:MediumSystemFont" 
               color="0x888888FF" 
               width="800" />
        
        <!-- Star rating -->
        <Group id="starRatingGroup" translation="[320, 250]">
            <Rectangle id="star1" translation="[0, 0]" width="20" height="20" color="0x444444FF" />
            <Label id="starIcon1" translation="[2, -2]" text="★" font="font:MediumSystemFont" color="0x666666FF" />
            <Rectangle id="star2" translation="[25, 0]" width="20" height="20" color="0x444444FF" />
            <Label id="starIcon2" translation="[27, -2]" text="★" font="font:MediumSystemFont" color="0x666666FF" />
            <Rectangle id="star3" translation="[50, 0]" width="20" height="20" color="0x444444FF" />
            <Label id="starIcon3" translation="[52, -2]" text="★" font="font:MediumSystemFont" color="0x666666FF" />
            <Rectangle id="star4" translation="[75, 0]" width="20" height="20" color="0x444444FF" />
            <Label id="starIcon4" translation="[77, -2]" text="★" font="font:MediumSystemFont" color="0x666666FF" />
            <Rectangle id="star5" translation="[100, 0]" width="20" height="20" color="0x444444FF" />
            <Label id="starIcon5" translation="[102, -2]" text="★" font="font:MediumSystemFont" color="0x666666FF" />
        </Group>
        
        <!-- Progress bar section -->
        <Rectangle id="progressBackground" 
                   translation="[80, 520]" 
                   width="1120" 
                   height="8" 
                   color="0x444444FF" />
        
        <Rectangle id="progressFill" 
                   translation="[80, 520]" 
                   width="0" 
                   height="8" 
                   color="0x00B4D8FF" />
        
        <!-- Time display -->
        <Label id="progressTimeLabel" 
               translation="[80, 545]" 
               font="font:SmallSystemFont" 
               color="0xBBBBBBFF" 
               text="00:00 / 04:08" />
        
        <!-- Control bar (like Kodi) -->
        <Rectangle id="controlBarBackground" 
                   translation="[0, 680]" 
                   width="1280" 
                   height="40" 
                   color="0x000000AA" />
        
        <!-- Control buttons -->
        <Group id="controlButtonsGroup" translation="[50, 690]">
            <!-- Previous button -->
            <Rectangle id="prevButton" translation="[0, 0]" width="40" height="20" color="0x333333FF" />
            <Label id="prevLabel" translation="[5, -2]" text="◀◀" font="font:SmallSystemFont" color="0xFFFFFFFF" />
            
            <!-- Play/Pause button -->
            <Rectangle id="playButton" translation="[60, 0]" width="40" height="20" color="0x333333FF" />
            <Label id="playLabel" translation="[75, -2]" text="⏸" font="font:SmallSystemFont" color="0xFFFFFFFF" />
            
            <!-- Stop button -->
            <Rectangle id="stopButton" translation="[120, 0]" width="40" height="20" color="0x333333FF" />
            <Label id="stopLabel" translation="[135, -2]" text="⏹" font="font:SmallSystemFont" color="0xFFFFFFFF" />
            
            <!-- Next button -->
            <Rectangle id="nextButton" translation="[180, 0]" width="40" height="20" color="0x333333FF" />
            <Label id="nextLabel" translation="[185, -2]" text="▶▶" font="font:SmallSystemFont" color="0xFFFFFFFF" />
        </Group>
        
        <!-- Right side controls -->
        <Group id="rightControlsGroup" translation="[950, 690]">
            <!-- Playlist button -->
            <Rectangle id="playlistButton" translation="[0, 0]" width="40" height="20" color="0x333333FF" />
            <Label id="playlistLabel" translation="[12, -2]" text="☰" font="font:SmallSystemFont" color="0xFFFFFFFF" />
            
            <!-- Favorite button -->
            <Rectangle id="favoriteButton" translation="[60, 0]" width="40" height="20" color="0x333333FF" />
            <Label id="favoriteLabel" translation="[75, -2]" text="★" font="font:SmallSystemFont" color="0xFFFFFFFF" />
            
            <!-- Repeat button -->
            <Rectangle id="repeatButton" translation="[120, 0]" width="40" height="20" color="0x333333FF" />
            <Label id="repeatLabel" translation="[130, -2]" text="↻" font="font:SmallSystemFont" color="0xFFFFFFFF" />
            
            <!-- Settings button -->
            <Rectangle id="settingsButton" translation="[180, 0]" width="40" height="20" color="0x333333FF" />
            <Label id="settingsLabel" translation="[190, -2]" text="⚙" font="font:SmallSystemFont" color="0xFFFFFFFF" />
        </Group>
        
    </children>
    
    <script type="text/brightscript" uri="AudioPlayer.brs" />
</component>
